lname,n
ABARE,1
ABERNATHY,4
ABRAHAM,2
ABRAM,1
ABRAMS,4
ACHARD,1
ACUFF,2
ADAM,1
ADAMS,14
ADERMAN,2
ADKINS,66
ADKINSON,6
ADORNO,1
AFTON,2
AGUAR,1
AHERN,1
AIERSTOCK,2
AIKEN,2
AIKUZZURA,1
AKERS,5
AKINS,2
ALCOCK,6
ALDEN,2
ALDRIDGE,25
ALDRIDGE-MATHSON,1
ALEXANDER,6
ALFORD,4
ALLEGRETTI,1
ALLEN,232
ALLEY,8
ALLISON,15
ALLMAN,2
ALLMON,2
ALLTON,1
ALSTON,2
ALTIMUS,6
ALVARADO,3
AMATA,3
AMBROSE,1
AMELUNG,2
AMERINE,2
AMMONS,2
AMSBERRY,2
ANAZIA,5
ANDERS,15
ANDERSON,29
ANDERSON-BONNER,1
ANDERSSON,2
ANDRADE,2
ANDREA,4
ANDREWS,12
ANGEL,55
ANGLEY,2
ANGLIN,89
ANTHONY,7
ANTILL,3
ANTINORI,2
ANTOSEK,2
APPLE,1
APPNER,4
ARCHER,7
ARCHULETA,1
ARGENT,2
ARGENTINA,2
ARISS,2
ARMSTRONG,1
ARNETTE,2
ARNOLD,9
ARNSDORFF,2
ARRINGTON,3
ARROWOOD,13
ARTEMISIA,1
ASH,10
ASHBURN,1
ASHBURY,1
ASHCRAFT,3
ASHE,4
ASHER,2
ASHLEY,4
ASHTON,3
ASKINS,2
ASTIN,2
ATEN,2
ATHERTON,2
ATKINS,35
ATUK,2
AUSTIN,116
AUSTIN-MARRELLI,2
AUTREY,163
AVANT,1
AVERY-YOUNG,2
AYALA,12
AYERS,126
AYSCUE,3
BABB,7
BACH,4
BACHE,4
BADAME,2
BADER,2
BADGLEY,9
BADSCHILD,1
BAGGETT,4
BAGWELL,19
BAHAM,1
BAILEY,146
BAILEY-MILLER,1
BAIN,4
BAINBRIDGE,1
BAIR,2
BAKER,50
BAKER-HAIRE,1
BAKER-WILSON,2
BALACKY,2
BALDWIN,8
BALL,42
BALLARD,22
BALLEW,84
BALLIET,4
BANEK,4
BANKS,249
BANNER,19
BARAN,1
BARANCZYK,1
BARBELET,2
BARBER,1
BARE,5
BARHAM,6
BARHORST,3
BARKER,1
BARLETT,2
BARLEY,1
BARLOWSKI,4
BARNARD,3
BARNES,29
BARNETT,56
BARNETTE,2
BARONE,2
BARR,1
BARRETO,1
BARRETT,4
BARRIER,2
BARROW,4
BARRUS,14
BARSELOU,3
BARTLESON,3
BARTLETT,30
BARTLETT-DOVER,2
BARTLEY,2
BARTON,3
BARTZ,2
BASFORD,4
BASNIGHT,2
BASS,3
BATCHLER,4
BATES,10
BATTEN,1
BATTLE,2
BATZER,4
BAUDUIN,2
BAUGUESS,2
BAXTER,1
BAYLESS,1
BEACH,2
BEALL,4
BEAM,17
BEAN,3
BEARFIELD,2
BEASLEY,1
BEATTIE,4
BEAUCHAMP,1
BEAVER,47
BEAVERS,1
BECK,3
BECKETT,1
BEDFORD,2
BEECHER,2
BEERS,2
BEGLEY,3
BEHM,1
BEIERS,1
BEINKE,2
BEINKE-HUGHES,1
BELISLE,2
BELKIN,1
BELL,10
BELLINO,4
BELMONT,3
BELSHAW,1
BENA,6
BENAIN,2
BENDER,1
BENDLER,2
BENFIELD,11
BENGE,6
BENGTSON,1
BENJAMIN,3
BENJAMIN SLINEY,1
BENNET,2
BENNETT,135
BERDEEN,2
BERG,2
BERGER,4
BERISTAIN,1
BERLINER,1
BERNARD,8
BERNHARDT,1
BERNREUTER,1
BERNSTEIN,4
BERRY,29
BERTRAND,1
BEST,5
BETANCOURT,1
BETTINI,2
BEWERNITZ,1
BIBILONI,2
BICKFORD,1
BIDDIX,31
BIEDERMAN,2
BIENERT,2
BIGELOW,11
BIGGERSTAFF,11
BIGGS,37
BILIBOCA,1
BILLER,8
BILLHEIMER,1
BINDER,2
BINGHAM,7
BISHOP,21
BIXLER,1
BIZZELL,2
BLACK,37
BLACKBURN,23
BLACKERBY,2
BLACKMON,1
BLACKMORE,1
BLADEN,2
BLAKESLEE,4
BLALOCK,29
BLANCHARD,2
BLANKENSHIP,76
BLANKS,2
BLAZER,4
BLEVINS,120
BLOOD,6
BLOUNT,2
BLUM,4
BOBBE,8
BOCK,1
BOCOCK-HINZMAN,2
BODENHAMER,3
BODFORD,51
BODOSKY,1
BOFFA,2
BOGARD,1
BOGER,4
BOGGESS,6
BOGGS,6
BOGUE,2
BOHNERT,2
BOHRES,4
BOIES,2
BOINGS,16
BOLDER,2
BOLICK,8
BOLTIN,1
BOMAR,2
BOMBARD,2
BOMMARITO,4
BON,2
BOND,1
BONESS,1
BONHAM,4
BONICORO,1
BONIELLO,1
BONILLA,2
BONNER,1
BOOKTER,2
BOONE,243
BOOTH,8
BOOTHE,2
BOOZER,1
BORGEN,1
BORING,1
BORLAND,1
BORRO,4
BOSCHKER,2
BOSSARD,1
BOSTIC,2
BOSTICK,4
BOSTON,1
BOTBYL,1
BOUCHARD,2
BOUCHER,5
BOUCHER-WOODARD,1
BOULET WITHERS,2
BOULTER,5
BOURET,2
BOURNE,2
BOWDEN,6
BOWDITCH,4
BOWEN,1
BOWENS,5
BOWERS,16
BOWES,2
BOWLER,1
BOWLING,4
BOWMAN,3
BOYD,18
BOYER,15
BOYLE,4
BRACKINS,2
BRADBURN,2
BRADDOCK,4
BRADFORD,112
BRADLEY,25
BRADSHAW,5
BRADY,2
BRAKE,4
BRANCH,27
BRAND,1
BRANDHOFER,2
BRANDON,1
BRANDT,6
BRANHAM,5
BRANNAN,2
BRANTLEY,4
BRANTON,26
BRASINGTON,5
BRASOV,1
BRASWELL,22
BRAULT,2
BRAZELL,4
BREDEHOEFT,4
BREEDEN,1
BRENDEL,2
BRENNAN,1
BRESSLER,2
BREWER,22
BREWSTER,4
BRICE,1
BRICKHOUSE,2
BRIDGES,2
BRIEGEL,1
BRIGDEN,2
BRIGGS,214
BRIGHT,2
BRIGMAN,2
BRIGMON,1
BRINKLEY,8
BRINKMAN,4
BRION,2
BRISBEN,2
BROADWAY,2
BROCCI,2
BROCK,6
BROMMER,2
BROOKFIELD,2
BROOKS,30
BROOME,1
BROST,5
BROTHERS,2
BROTHERTON,2
BROUGHAN,2
BROUGHTON,3
BROWN,154
BROYLES,4
BRUBAKER,2
BRUCE,11
BRUCKER,4
BRUORTON,7
BRUTON,2
BRYAN,5
BRYANT,147
BRYANT-LAWS,2
BRYANT-RENFRO,2
BUCHANAN,347
BUCHHOLZ,6
BUCK,4
BUCKNER,87
BUETTNER,4
BUILDER,1
BUKER,1
BULL,1
BUMGARNER,2
BUNN,1
BUNTON,2
BURCKLEY,6
BURFORD,10
BURGE,7
BURGESS,2
BURGIN,12
BURGNER,2
BURGOYNE,1
BURKE,7
BURKS,1
BURLESON,114
BURNETT,14
BURNETTE,26
BURNS,16
BURRELL,1
BURRESS,1
BURRIS,1
BURRUS,1
BURTON,3
BUSH,4
BUSTLE,2
BUTLER,11
BUTNER,16
BUTT,2
BUTTKE,5
BUTTRAM,1
BUXBAUM,4
BUZA,1
BUZENBERG,2
BYERS,2
BYRD,137
BYRNE,2
CADE,7
CAIN,6
CALDWELL,3
CALKINS,4
CALL,3
CALLAHAN,16
CALLAWAY,1
CALLIHAN,4
CALLOWAY,9
CAMBY,2
CAMERON,1
CAMP,7
CAMPBELL,30
CAMPER,8
CANAAN,6
CANIPE,33
CANN,4
CANNON,59
CANON,2
CANTWELL,1
CAPELLUPO,9
CAPLANO,4
CAPO,2
CAPPS,17
CARACCI,4
CARAVANO,2
CARBONNEAU,5
CAREY,9
CARIGNAN,1
CARL,3
CARLAN,1
CARLE,4
CARLSON,9
CARLTON,1
CARMACK,16
CARMAN,1
CARNEY,1
CARON,1
CAROWAN,2
CARPENTER,36
CARPER,2
CARRIER,2
CARRILLO,2
CARRION,1
CARROLL,135
CARROWAY,16
CARRUTHERS,1
CARSON,1
CARTER,18
CARVER,10
CASEY,2
CASH,6
CASHION,2
CASPER,4
CASSADY,2
CASSANEGO,1
CASSIDA,34
CASTEEL,18
CASTILLO,2
CASTLE,1
CASTRO,1
CATALANO,1
CATE,2
CATERSON,8
CATHY,1
CATOE,1
CAUDILL,11
CAUSBY,2
CAUSEY,2
CAVALIER,2
CAVATORTA,1
CEDERGREN,4
CELANO,1
CERCONE,6
CERCOPELY,2
CERNIGLIA,4
CERTAIN,8
CHAMBERLAIN,6
CHAMBERS,9
CHAMPLIN,1
CHANCE,4
CHANDLER,137
CHANDLER-LAWS,1
CHANEY,7
CHAPMAN,3
CHAPPELEAR,2
CHAPPELL,2
CHARBONNET,2
CHARLES,3
CHARLTON,11
CHARNESKI,2
CHASE,1
CHASTEEN-PEGRAM,2
CHAUVIN,2
CHAVEZ,3
CHAVIS,4
CHEATHAM,1
CHEEK,1
CHENEY,2
CHERESHKOFF,11
CHERRY,6
CHIEM,2
CHILD,2
CHILDRESS,2
CHILDS,6
CHIN,2
CHISHOLM,1
CHOATE,6
CHRISAWN,85
CHRISTENSEN,2
CHRISTIAN,1
CHRISTIE,1
CHRISTON,4
CHRISTOPHER,7
CHU,2
CHURCH,9
CHURCHILL,2
CHURINOFF,1
CHURLIK,2
CHUVALA,6
CIFALDI,2
CLACK,4
CLARK,56
CLARKE,1
CLAWSON,2
CLAYTON,1
CLEMENTS,1
CLEVELAND,6
CLIFFORD,1
CLONINGER,1
CLONTZ,1
CLOPTON,7
CLORE,5
CLUBB,2
CLYDE,1
CLYMER,4
COATES,13
COATS,2
COCHRANE,5
CODY,6
COE,1
COFFEY,2
COGBURN,2
COGGIN,1
COGGINS,1
COHEN,7
COLBY,2
COLE,39
COLEGROVE,2
COLEMAN,11
COLEMAN-CARVER,2
COLETTA,3
COLLEY,6
COLLIER,7
COLLINS,13
COLON,2
COLSON,1
COLT,2
COLTERYAHN,2
COLYER,4
COMEE,2
COMP,4
COMPTON,5
CONARD,4
CONCEPCION,2
CONDREY,1
CONE,1
CONKLIN,5
CONLEY,8
CONNELL,3
CONNELLY,1
CONNERS,1
CONNOLLY,1
CONNOR,4
CONNORS,2
CONOVER,2
CONSIDINE,1
CONTLA,2
CONYERS,2
COOK,72
COOK-FENDER,1
COOKE,6
COOMBER,1
COOPER,153
COOTS,3
COPAS,3
COPE,12
COPELAND,4
CORBIN,6
CORDELL,5
CORDER,2
CORDOVA,2
COREN,2
COREY,1
CORING,2
CORN,3
CORNETT,2
CORONADO,2
COROZINE,3
CORSIDINE,1
CORT,4
CORZINE,1
COSTELLO,2
COTTRELL,5
COWAN,1
COWART,4
COWHIG,1
COX,42
COYLE,2
CRABB,4
CRABTREE,1
CRAFT,6
CRAIG,14
CRAIN,72
CRAM,2
CRAMP,9
CRANE,8
CRAWFORD,6
CRAWLEY,2
CRAWMER,2
CREASMAN,4
CREECH,9
CRESON,2
CREWS,1
CRIPPS,4
CRISP,7
CRIST,2
CRISTE,3
CROCKER,1
CROMEANS,4
CROMPTON,1
CRONEN,3
CRONIN,1
CROOK,6
CROOKS,6
CROSBY,8
CROSS,3
CROUT,8
CROW,4
CROWDER,58
CROWLEY,2
CROWTHER,4
CROY,3
CRUMPLER,7
CRUTCHER,1
CRUTCHFIELD,6
CRUZ,14
CRUZAN,1
CRYDERMAN,1
CUDDY,2
CULBERSON,1
CULBREATH,1
CULLOM,4
CULVER,2
CUMBIE,2
CUMMINGS,5
CUMMINS,2
CUNDIFF,2
CUNNINGHAM,7
CURRIE,2
CURRY,3
CURTIS,16
CUSHMAN,1
CUSTODE,2
CUTSHALL,4
DAHL,1
DAHLBERG,19
DAHLBURG,1
DAHLIN,5
DAILEY,4
DAINE,2
DAIZ,1
DAKOSKI,1
DALE,39
DALTON,4
DANA,1
DANAHER,1
DANE,1
DANFORD,6
DANIEL,7
DANIELLO,2
DANIELS,8
DANNER,5
DANNHEIM,1
DANTUONO,1
DAQUIN,2
DARBY,1
DARDEN,2
DARDER,1
DARDER BONILLA,2
DARK,2
DARNALL,2
DART,1
DAST,2
DAUGHERTY,1
DAVENPORT,13
DAVID,5
DAVIDSON,4
DAVIS,112
DAVISON,2
DAWES,2
DAWKINS,4
DAWLEY,2
DAY,4
DAYTON,4
DE ANGELIS,2
DE GROAT,2
DE JESUS,6
DE LAUGHTER,1
DE SUMMA,1
DEAL,4
DEAN,4
DEARING,2
DEASE,2
DEATON,10
DEBUSMAN,1
DECKER,4
DECKERT,4
DECOLA,4
DEES,7
DEESE,1
DEFELICI,2
DEFOREST,2
DEFRANCO,2
DEGRANDE,2
DEGROOT,1
DEHART,2
DEITZ,8
DELANEY,2
DELANY,1
DELCOGLIANO,2
DELCOURT,7
DELF,2
DELLINGER,39
DELOATCH,1
DELVECCHIO,1
DEMARCE,3
DEMERS,1
DEMERTZIS,1
DEMMERT,3
DEMORSKY,2
DENKER,2
DENLEY,2
DENNING,4
DENNIS,6
DENNY,11
DENT,2
DENTON,3
DERBY,1
DEVA,1
DEVEE,1
DEVERE,6
DEVOE,2
DEWITT,2
DEWITT-FELDMAN,2
DEYO,2
DEYTON,208
DI PASQUALE,2
DIAL,3
DICKERSON,3
DICKSON,2
DICRISTINO,4
DIDIER,4
DIDONATO,2
DIENSTBERGER,4
DIETERICH,2
DIETRICH,4
DIETRICH-DAVIS,3
DIETZ,3
DIGH,1
DIGIOVANNA,2
DILL,1
DILLARD,2
DILLINGER,2
DILS,2
DINGES,1
DINGMAN,1
DIPIETRO,1
DIPPER,3
DISNEY,2
DIXON,4
DOAN,5
DOANE,4
DOBROGOSZ,2
DOBROW,4
DOBSON,4
DOCKERY,2
DODD,10
DODSON,4
DOLL,3
DONAGHY,2
DONALD,1
DONEY,4
DONNAHOO,6
DONNELLY,1
DONOVAN,2
DOOLEY,2
DOOLIN,2
DORAZIO,2
DOSWELL,2
DOTTS,4
DOUGHERTY,2
DOUGHTY,1
DOUGLAS,7
DOUGLASS,3
DOVER,15
DOWDLE,2
DOWELL,2
DOWIS,5
DOWLING,4
DOWNER,2
DOWNES,1
DOWNEY,7
DOWNING,4
DOWNING-NYEGARD,1
DOX,3
DOYLE,7
DRACUP,5
DRAYTON,2
DREGER,4
DREWRY,2
DREYER,7
DRIGGERS,4
DRUMMOND,3
DRUMMONDS,2
DRURY,1
DRUSKINS-DEVEE,1
DUBOIS,2
DUCHAN,2
DUCHARME,2
DUCHENEAU,1
DUCKETT,13
DUCKWALL,1
DUENAS,2
DUERKES,1
DUGGER,3
DUGUID,2
DUKE,1
DULA,4
DULANEY,17
DUNCAN,62
DUNHAM,2
DUNN,11
DUPREE,2
DURHAM,2
DURIE,2
DURKIN,1
DUST,1
DUVALL,5
DWYER,2
DYER,4
DZUIBLINSKI,1
EALA,1
EARLEY,1
EARLY,3
EARNHART,2
EARP,4
EASLER,1
EASTHAM,4
EATON,4
EBERWEIN,4
ECKARD,4
ECKENRODE,2
ECKHARDT,1
EDBORG,2
EDDINGS,1
EDDS,2
EDGE,12
EDMONDS,5
EDMUNDSON,2
EDSON,4
EDWARDS,398
EFFLER,12
EFSTATION,1
EGAN,2
EGGLETON,4
EGLINGTON,1
EICHOLTZ,1
EICHORN,1
EISENHAUER,2
ELAM,3
ELBEL,1
ELDER,4
ELDERBROCK,1
ELDRIDGE,2
ELKINS,98
ELLER,2
ELLIOTT,42
ELLIS,15
ELLISON,1
ELSEGOOD,2
ELWOOD,4
ELWORTH,2
EMERSON,4
EMILY,1
EMORY,2
ENGEL,2
ENGEL-BAKER,2
ENGELHARDT,4
ENGELMAN,1
ENGLAND,55
ENGLE,3
ENGLISH,21
ENLOE,4
ENNIS,1
ENSLEY,2
EPPLER,2
ERICKSON,6
ERLANDSON,3
ERSKINE,2
ESCRUCERIA,1
ESPOSITO,2
ESTEP,4
ESTES,18
ETEN,4
ETHERIDGE,8
ETZOLD,2
EVANS,56
EVERETT,4
EVOY,2
EWING,4
EXUM,3
EZELL,1
EZZELLE,4
FABER,2
FABRIKANT,1
FADDEN,2
FAIRCHILD,8
FALES,1
FALLER,4
FALLON,2
FAMULARO,4
FARBER,1
FARESE,1
FARLEY,2
FARMER,12
FARRELL,6
FAUCETTE,3
FAULKER,1
FAULKNER,5
FAVOR,2
FAW,4
FAWCETT,1
FEASEL,2
FEASTER,4
FEATHER,2
FEDERMAN,1
FELDMAN,2
FELTS,5
FEMIANO,2
FEMINELLA,2
FENDER,133
FENSTAD,2
FEREBEE,2
FERENCE,4
FERGUSON,22
FERNANDES-HALL,4
FERNANDEZ,2
FERRARO,6
FERREIRA,3
FERRELL,3
FESTICH,3
FIELD,1
FIELDER,1
FIELDS,4
FIGUEREDO,2
FILBAN,6
FINCH,3
FINK,2
FINKE,1
FINKELS,1
FINKELSTEIN,1
FINKLEA,1
FINLEY,1
FISCHER,1
FISHBACH,2
FISHER,7
FITZGERALD,6
FITZGIBBON,6
FLAKE,1
FLANAGAN,2
FLANIGAN,2
FLECKENSTEIN,11
FLEENER,2
FLEISCHMAN,2
FLETCHER,3
FLINT,1
FLOAN,2
FLORENCE,1
FLOWERS,4
FLOYD,9
FLYNN,11
FOCH,2
FOLCK,2
FOLEY,1
FOLLIN,2
FONDAW,2
FORBES,35
FORD,8
FORDE,2
FORDHAM,1
FORE,4
FOREMAN,2
FORKNER,1
FORSYTHE-NEWELL,4
FORTNER,42
FORTUNE,2
FOSTER,4
FOUST,2
FOUTS,3
FOWLER,9
FOX,413
FOX-HORTON,1
FOXX,33
FOY,3
FRABONI,4
FRANCIS,4
FRANK,9
FRANKLIN,54
FRANKS,4
FRANLKIN,1
FRAZER,2
FRAZIER,2
FREDERICK,8
FREDRICKSON,4
FREEBORN,2
FREEDLE,1
FREEMAN,31
FRENNA,2
FRIEDMAN,1
FRIEND,8
FRISBEE,2
FRISCH,2
FRITZ,4
FROEMMING,3
FROILAND,4
FRYE,24
FULLER,7
FUNK,2
FUQUA,5
FURBAY,1
FURLONG,1
FURMAN,3
FUTRELL,2
FYLER,2
GABRIEL,3
GADDIS,1
GAINES,6
GALE,2
GALGANO,2
GALL,2
GALLANT,1
GALLIGAN,1
GALLOWAY,1
GALTON,3
GALVIN,2
GANGE,2
GARASHI,1
GARBER,2
GARCIA,7
GARDNER,44
GARLAND,109
GARLAND-PETERSON,1
GARMON,5
GARNEAU,2
GARNER,3
GARRELL,2
GARREN,4
GARRETSON,5
GARRETT,4
GARRIQUES,6
GARRIS,2
GARY,1
GASKINS,2
GATCHELL,1
GATES,8
GATTS,3
GAVENUS,7
GAYLE,2
GAZZINGAN,2
GEARY,1
GEBBY,1
GEDEON,2
GEISER,6
GEISSLER-CRAIN,2
GEIST,2
GEORGE,13
GEOUGE,70
GERACI,4
GERAGHTY,1
GERAUGHTY,2
GERMAINE,7
GETIRAY,1
GETZ,4
GEYER,1
GIARDINA,12
GIBBONS,1
GIBBS,61
GIBSON,6
GILBERT,11
GILES,4
GILL,4
GILLESPIE,34
GILLEY,30
GILLIAM,5
GILLIS,5
GILMOUR,6
GILSON,1
GIMBEL,1
GINN,2
GIRARD,1
GIRAUD,1
GITT,2
GITTINGS,1
GIUSTINIANO,4
GLANCY,4
GLASS,1
GLATFELTER,2
GLENN,6
GLICK,2
GLOVER,9
GODFREY,11
GODSHALL,2
GOEBEL,3
GOETZ,1
GOFORTH,8
GOHEEN,1
GOLCHER,3
GOLDBERG,4
GOLDMAN,2
GOLDSTEIN,6
GOLDTHWAIT,2
GOLIBART,3
GOMANIOUK,2
GOMEZ,1
GONCZY,4
GONZALES,1
GONZALEZ,2
GOOCH,2
GOOD,6
GOODLETTE,2
GOODMAN,6
GOODSON,12
GORDON,21
GORE,1
GORMAN,1
GORMLEY,2
GORTNEY,35
GOSE,3
GOSNELL,8
GOSSELIN,2
GOUGE,97
GOUVIA,2
GOWEN,2
GRAGG,4
GRAHAM,14
GRAMLING,1
GRANING,4
GRANT,7
GRAVELIE,2
GRAVES,6
GRAY,4
GRAYBEAL,6
GREATHOUSE,2
GREBENSHIKOV,3
GREBENSHIKOVA,2
GRECO,5
GREEAR,2
GREEN,12
GREENBERG,1
GREENE,59
GREENWELL,8
GREER,4
GREGG,1
GREGOR,4
GREGORY,34
GREINER,1
GRENELL,5
GRESENS,4
GREULICK,4
GREY,2
GRIBBLE,2
GRIER,11
GRIFFIN,33
GRIFFITH,31
GRIGGS,21
GRIMES,8
GRINDSTAFF,146
GRINESTAFF,6
GRINNELL,2
GRINSTEAD,2
GRISWOLD,4
GROOMS,6
GROSS,4
GROVER,1
GROVES,4
GRUNDEN,5
GRUNDSTROM,4
GUCCIARDO,8
GUDENKAUF,2
GUENTHER,4
GUERLAIN,1
GUERRA,1
GUEST,6
GUFFY,4
GUGERTY,1
GUICHENEY,2
GUILL,1
GUINN,6
GULESIAN,4
GULLAK,2
GUMINA,2
GUNDERSEN,2
GUNN,4
GUNTER,12
GURL,2
GURLEY,54
GUTHRIE,2
GUTKNECHT,2
GUY,3
GUYNN,2
GUYTON,1
GUZEK,4
GWALTNEY,1
HAAGA,4
HAAS,2
HABANEC,2
HABERTHIER,2
HACKNEY,2
HAGERMAN,10
HAGY,2
HAIMOWITZ,2
HAINES,2
HAIRE,6
HALBKAT,1
HALDEMAN,9
HALEY,3
HALKER,4
HALL,114
HALLMAN,4
HALLMON,2
HALPIN,4
HAMBY,8
HAMELINK,3
HAMES,3
HAMILTON,6
HAMITER,1
HAMLET,2
HAMLIN,1
HAMM,2
HAMMACK,2
HAMMAKER,4
HAMMOND,10
HAMMONDS,14
HAMMONS,2
HAMPTON,5
HANCOCK,6
HANEY,48
HANNAH,3
HANNUSH,2
HANSEN,8
HAPPER,1
HARBIN,2
HARDEN,1
HARDESTY,1
HARDIE,1
HARDIN,18
HARDING,24
HARDMAN,2
HARDY,2
HARE,2
HARGRAVE,2
HARKINS,2
HARLEM,2
HARLEY,5
HARMON,12
HARMS,1
HAROLD,1
HARPER,14
HARR,1
HARRELL,2
HARRINGTON,1
HARRIS,112
HARRISON,44
HARROLD,4
HARRUP,2
HARRY,2
HART,6
HARTEN,4
HARTNELL,6
HARTOM,2
HARTSELL,6
HARTSOCK,1
HARVEY,8
HARWOOD,4
HASKELL,1
HASROUTY,1
HASSEN,5
HASTY,2
HATCHER,2
HATFIELD,6
HATHCOCK,11
HATLEY,14
HATTAWAY,2
HAUSE,4
HAUSER,4
HAVERKAMP,2
HAWBAKER,3
HAWK,4
HAWKINS,2
HAWLEY,1
HAWTHORNE,2
HAYDEN,4
HAYES,5
HAYNES,6
HAYS,2
HEAD,2
HEARD,2
HEASLEY,1
HEATLEY,3
HEAVNER,4
HEBEISEN,1
HECKATHORN,2
HEDDEN,1
HEDRICK,25
HEFFELFINGER,2
HEFLIN,1
HEIDENFELDER,5
HEIMER,2
HEIMERL,1
HELGASON,1
HELMLE,4
HELMS,6
HELSHER,4
HELTON,1
HEMBREE,1
HEMMINGSEN,5
HENDERSON,4
HENDRIX,4
HENDRIXON,6
HENKELMAN,1
HENRY,8
HENSCHELL,1
HENSEL,4
HENSLEY,449
HENSLEY-SWANN,2
HENSON,35
HER,1
HERB,2
HERBSTER,1
HERMAN,8
HERMANN,2
HERNANDEZ,6
HERRIN,2
HERRING,7
HESS,5
HESTER,3
HETHERINGTON,1
HETZEL,2
HEUER,1
HEWAT,1
HEWITT,2
HEY,1
HEYER,2
HICKMAN,5
HICKS,34
HIGBEE,2
HIGGINBOTHAM,2
HIGGINS,216
HIGH,4
HILBERT,5
HILEMON,31
HILL,51
HILLER,6
HILLERSTROM,2
HILLIARD,32
HILLIS,2
HILLYARD,1
HILLYER,1
HILTON,2
HINDS,2
HINES,2
HINKLE,3
HINZMAN,2
HIPPS,5
HIRSCH-FORSHEE,1
HITCHCOCK,2
HITE,2
HIXENBAUGH,1
HOBSON,1
HOCKADAY,6
HODAKONSKI,1
HODAKOWSKI,2
HODGE,4
HODGES,1
HODGIN,1
HODSHON,10
HOFFMAN,21
HOFFMASTER,2
HOFHEIMER,1
HOGAN,9
HOILMAN,63
HOKE,2
HOLBROOK-FRIEND,1
HOLCOMB,6
HOLCOMBE,35
HOLDER,8
HOLLADY,2
HOLLAND,16
HOLLEY,1
HOLLIDAY,2
HOLLIFIELD,97
HOLLINGSHEAD,2
HOLLINGSWORTH,6
HOLLIS,4
HOLLOWAY,16
HOLLRAH,2
HOLMES,9
HOLMES-STRAND,2
HOLMQUIST,4
HOLSONBACK,3
HOLT,9
HOLTSCLAW,2
HOLZHAUSER,2
HONEYCUTT,242
HOOD,1
HOOPER,9
HOOVER,28
HOPE,2
HOPKINS,1
HOPSON,62
HORAK,2
HORHOROUNY,2
HORNE,16
HORSMAN,2
HORST,7
HORTON,15
HOSKINS,4
HOSKINSON,1
HOTCHKISS,1
HOUCHARD,8
HOUCHINS,2
HOUSE,10
HOUSER,3
HOUSLEY,5
HOUSTON,1
HOVIS,3
HOWARD,15
HOWELL,121
HOYDAL,2
HOYLE,12
HOYT,4
HUBBARD,8
HUBER,4
HUBSCH,2
HUCKABEE,2
HUDDLESTON,4
HUDGINS,106
HUDSON,9
HUFFMAN,10
HUFFORD,4
HUFFSTETLER,1
HUGGINS,1
HUGHES,376
HUGHES-BEINKE,1
HUGHES-DARBY,1
HULL,2
HULLETT,12
HUMPHREY,1
HUMPHREYS,1
HUNNEWELL,2
HUNNICUTT,4
HUNSUCKER,4
HUNT,15
HUNTER,57
HUNTLEY,3
HUNTZBERRY,2
HUPPERT,2
HURLEY,4
HURST,10
HUSKINS,159
HUSKINS-WHITEHEAD,1
HUSNANDER,1
HUSSEY,1
HUTCHESON,8
HUTCHESON-BOONE,1
HUTCHINS,12
HUTCHINSON,6
HUTCHISON,5
HUTSON,4
HYATT,8
HYDER,4
HYLEMON,51
HYNES,4
IACOBUCCI,3
ICKES,2
IKE,1
ILLENYE,2
ILLES,1
INGERSOLL,1
INGLE,12
INGRAM,9
INKPEN,1
INMAN,1
INNIS,1
INTOPPA,2
IRVIN-WALES,1
ISAACS,12
ISOM,4
ISRAEL,4
IVY,2
JACKSON,33
JACOB,2
JACOBSON,4
JACOBY,2
JACQUIN,1
JAKUSHEV,1
JAMERSON,2
JAMES,44
JAMISON,2
JANTZEN,1
JAQUA,2
JARRARD,4
JARRETT,17
JARVIS,2
JASON,2
JEFFCOAT,4
JEFFERSON,1
JEFFERY,1
JENKINS,6
JENKS,2
JENNINGS,1
JEROME,2
JESSUP,2
JOANSON,2
JOBE,21
JOBIN,7
JOBINA,2
JOEL,2
JOHN,3
JOHNS,2
JOHNSON,217
JOHNSTON,9
JOINER,4
JOLLEY,2
JONES,173
JONES-MCRARY,2
JORDAN,17
JOSEPH,1
JOSEPHS,2
JOURDAIN,4
JOYCE,7
JUCKEM,3
JUDGE,2
JULIAN,1
JUSTICE,10
KABINOFF,1
KADDATZ,1
KAECK,4
KAESLER,1
KAHN,3
KALASCHENKOW,2
KALUZYNSKI,5
KAMPER,6
KANABY,1
KANIPE,4
KARDULIS,17
KASEMAN,1
KATES,8
KATHERMAN,2
KATZ,2
KAUFMANN,2
KAULF,4
KAUTZ,2
KAY,2
KECK,3
KEEFER,3
KEEN,2
KEENE,3
KEENER,7
KEETER,2
KEGLEY,13
KEISTER,1
KEITH,1
KELLER,3
KELLEY,5
KELLMAN,2
KELLY,18
KELMER,1
KELSEY,1
KEMP,1
KENDALL,3
KENNEDY,11
KENNON,2
KENNY,1
KENT,9
KERLEY,6
KERSHNER,2
KEY,4
KEYES,5
KHALID,1
KHAN,6
KIDDELL,2
KIELY,4
KIGER,2
KILBY,1
KILGORE,3
KILLIAN,2
KIMBALL,5
KIMBLE,2
KINARD,2
KINCAID,4
KINDBERG,2
KING,111
KINNANE,2
KINSEY,7
KIRBY,2
KIRK,4
KIRKLAND,9
KIRKMAN,5
KIRKPATRICK,4
KIRTON,4
KISER,4
KISIELEWSKI,2
KIVETTE,4
KIZER,4
KLEIN,9
KLEISS,6
KLINE,1
KLOIBER,4
KLUMPP,1
KNAUER,2
KNEIDEL,1
KNIGHT,8
KNIGHTEN,1
KNOTT,3
KNOWLES,8
KNUDSEN,4
KNUTSON-SAYER,1
KOBEY,1
KOCH,3
KOENIG,2
KOERBER,2
KOERNER,2
KOHN,1
KOLZ,4
KOONTS,2
KOOPS,3
KOPFLER,2
KOSDERKA,4
KOVACS,1
KRAFCIK,4
KRAGTEN,2
KRAJEWSKI,4
KRAMER,5
KRATZ,1
KRAUSE,11
KRETLOW,2
KRIDELER,1
KRINER,2
KROEN,4
KROFT,2
KROG,4
KROHN,3
KROUGH,3
KRUEGER,4
KRUPP,2
KRUPPENBACH,2
KRUSE,1
KRYWICK,2
KUDOS,1
KUHL,4
KUHLENBECK,1
KUHN,4
KULA,2
KULPA,5
KURKIMILIS,5
KURSCHNER,1
KUTCHERA,4
KYLE,1
LA-ROCHE,2
LA FERLA,2
LA LUZERNE,2
LA MOTTE,3
LACHICOTTE,1
LACKEY,11
LAHOOD,1
LAIL,1
LAMBERT,10
LAMBERTSON,2
LAMBETH,2
LAMM,2
LAMONT,1
LAMOORE,1
LAMOTTE,1
LAMSON,1
LANCASTER,3
LANCE,4
LANDIS,5
LANDON,2
LANDRESS,7
LANDRY,4
LANE,19
LANG,9
LANGAN,4
LANGDON,1
LANGE,2
LANGFORD-MOORE,1
LANGLEY,2
LANGNER,2
LANIER,4
LANKFORD,2
LANTZ,3
LAPPIN,4
LARA,1
LARKIN,1
LARKINS,4
LARSEN,1
LARSON,1
LASSITER,10
LATCHAM,2
LATHAM,3
LATIMER,4
LAUFER,4
LAUGHIN,2
LAUGHRIDGE,4
LAUGHRUN,20
LAUNIER,1
LAURA,3
LAW,1
LAWHERN,8
LAWLESS,2
LAWRENCE,13
LAWS,287
LAWSON,3
LAWTON,1
LAY,2
LAYELL,10
LAYTON,1
LEACH,2
LEADBETTER,4
LEADBITTER,3
LEADENHAM,1
LEAGUE,1
LEAHY,4
LEARNED,2
LEAVITT,5
LEBLANC,1
LECKENBY,2
LEDBETTER,1
LEDFORD,205
LEE,35
LEGGETT,2
LEHARDY,2
LEHMAN,3
LEIGH,1
LEIKUS,2
LEINER,4
LEISNER,2
LELAND,2
LEMASTER,9
LEMIEUX,2
LENTZ,2
LEONARD,3
LEPIDI,1
LEPORE,4
LERCARA,1
LESESNE,2
LESLIE,1
LETTERMAN,89
LEVIN,5
LEWELLEN,3
LEWIS,49
LEYDIG,1
LEYSHON,6
LEYVA,1
LIABENOW,1
LIBBY,2
LIBOW,1
LICCARDI,2
LIFRAGE,2
LILES,3
LIMONGELLO,2
LINDA,1
LINDAHL,1
LINDBERG,2
LINDEMAN,4
LINDENAUX,2
LINDSAY,5
LINDSEY,3
LINVILLE,2
LISENBEE,3
LISENBY,2
LISTER,6
LITTLE,8
LIVENGOOD,2
LIVINGSTON,3
LOCK,2
LOCKYER,2
LOCURTO,1
LODGE,3
LOEHR,2
LOFTIS,40
LOGAN,2
LOHR,1
LOLLO,2
LOMBARDO,1
LONG,8
LOONEY,3
LOOS,1
LOPEMAN,2
LOPEZ,4
LORENZO,7
LORIEN,2
LOU,1
LOUDERMILK,1
LOUDON,4
LOUIS,2
LOVELACE,1
LOVELAND,5
LOVIN,8
LOVREK,2
LOW,3
LOWE,2
LOWERY,8
LOWMAN,5
LOWMILLER,6
LOWRY,4
LOY,2
LUCAS,2
LUCIER,2
LUDWIG,4
LUFT,1
LUKE,1
LUKER,2
LUNA,1
LUNDQUIST,2
LUNDY,1
LUNDY-JONES,1
LUNSFORD,6
LURIE,1
LUSK,10
LUSTIG,1
LUTTRELL,2
LUVAGA,1
LUYCKX,2
LUZ,2
LYDA,9
LYNCH,5
LYNES,2
LYNN,1
LYONS,8
MAC DANIEL,1
MAC MICHAEL,2
MACDANIEL,1
MACDONALD,2
MACE,22
MACIAS,4
MACISAAC,2
MACK,5
MACKEY,1
MACKING,2
MACLACHLAN,1
MACLEAN,3
MACLEOD,2
MACMICHAEL,2
MACPHERSON,4
MADDOX,8
MADISON,1
MADRID,2
MAGANA,3
MAGERS,2
MAGGS,6
MAGLIETTA,1
MAGRANE,1
MAGUIRE-RAAB,2
MAHER,9
MAHONEY,5
MAHRIE,2
MAIER,2
MAINOUS,4
MAINSTER,4
MAKINGS,7
MALCUIT,5
MALDONADO,2
MALIN,2
MALONE,4
MALOUIN,1
MALTBA,8
MANDALA,8
MANDL,2
MANECK,2
MANESS,8
MANEY,28
MANFRE,4
MANGUM,2
MANIS,2
MANN,7
MANNING,2
MANSFIELD,2
MAPES,2
MARCELLO,2
MARCHETTI,3
MARCIAS,1
MARCO,2
MARCUM,6
MAREN,4
MAREN-HOGAN,5
MARICLE,2
MARINO,4
MARION,1
MARKHAM,2
MARKLEY,4
MARKS,2
MARKUS,1
MARLOW,4
MARLOWE,6
MARRELLI,4
MARSH,23
MARSHALL,10
MARTENSON,2
MARTIN,55
MARTINDALE,5
MARTINEZ,15
MARTINEZ RICO,1
MARTZ,3
MASHBURN,4
MASON,16
MASON-BOUTERSE,2
MASON MILLER,1
MAST,2
MASTEN,3
MASTERS,9
MASTROPAOLO,6
MATELSKI,6
MATESZ,1
MATHENY,2
MATHESON,2
MATHEWS,1
MATHIS,38
MATHSON,1
MATNEY,2
MATTHEW,1
MATTHEWS,8
MATTHIESEN,1
MAUNEY,5
MAXIMILLIAN,4
MAXON,1
MAXWELL,10
MAY,1
MAYBERRY,4
MAYES,4
MAYHEW,4
MAYNARD,3
MAYNOR,2
MAYO,2
MAYS,1
MAZZAGATTI,4
MCALISTER,2
MCALLISTER,7
MCAULIFFE,4
MCBRIDE,7
MCCABE,4
MCCALL,8
MCCALLISTER,6
MCCANDLESS,8
MCCANLESS,11
MCCANN,2
MCCART,4
MCCARTHY,1
MCCARTY,7
MCCASLIN,2
MCCAULLEY,4
MCCLAIN,1
MCCLARY,2
MCCLELLAN,1
MCCLURE,10
MCCLUSKEY,1
MCCOLLUM,1
MCCONNELL,8
MCCOOL,4
MCCORMACK,2
MCCOURRY,42
MCCOURY,2
MCCOY,6
MCCOYLE,6
MCCRACKEN,12
MCCRAW,6
MCCROSKEY,4
MCCULLER,2
MCCULLOUGH,3
MCCURRY,222
MCDANIEL,3
MCDARIS,1
MCDONALD,1
MCDOUGALD,5
MCDOWELL,38
MCELFRESH,2
MCELROY,1
MCENTYRE,15
MCFADDEN,4
MCFALING,1
MCFALLS,23
MCFARLAND,12
MCFARLANE,5
MCFARLING,4
MCFAYDEN,1
MCFEE,9
MCGAHA,3
MCGAHAN,1
MCGAHEY,4
MCGALLIARD,6
MCGEE,25
MCGINN,1
MCGINNIS,5
MCGINTY,3
MCGRATH,6
MCGRAW,4
MCGROARTY,1
MCGUINNES,1
MCGUIRE,6
MCHONE,10
MCILVAINE,4
MCINTOSH,233
MCINTURFF,2
MCINTYRE,13
MCKAY,1
MCKEE,2
MCKEEHAN,3
MCKELVY,2
MCKEMY,2
MCKINNEY,190
MCKINNIE,2
MCKNIGHT,2
MCKOWN,1
MCLAIN,3
MCLAUGHLIN,12
MCLEAN,4
MCLEOD,5
MCLURE,2
MCMAHAN,188
MCMANNAMY,2
MCMILLAN,6
MCMILLON,3
MCMINN,3
MCNEILL,12
MCPETERS,60
MCPHEE,7
MCQUAID,3
MCQUEEN,9
MCRARY,2
MCROBIE,2
MCTAGGART,3
MCWHIRTER,12
MCWHIRTER - BUCK,2
MEADE,5
MEADOWS,9
MEANS,1
MEARES,4
MEAUX,2
MEDFORD,2
MEDINA,4
MEEKS,2
MEHAFFEY,2
MEHIEL,1
MEHTA,4
MEIER,2
MEINZER,2
MEIRON,2
MEISTER,2
MEJIA,1
MELECIO,2
MELECIO-GONZALEZ,2
MELENDEZ,1
MELINN,4
MELINO,1
MELLEN,1
MELLO,2
MELLON,1
MELTON,19
MENCIS,3
MENDEZ,3
MENNIG,3
MERCER,7
MERCK,1
MERLIN,2
MERTEN,4
MERZ,4
MESSEMER,1
MESSENGER,8
MESSNER,1
METCALF,48
METZNER,1
MEYER,3
MEYERS,4
MHOON,1
MICHAEL,7
MICHAELS,5
MIELE,6
MIFFLIN,4
MIGON,4
MIKEL,1
MILBY,1
MILES,2
MILLARD,4
MILLEN,4
MILLER,295
MILLS,4
MILOFSKY,2
MILTON,3
MIMKEN,2
MIMS,7
MINCEY,2
MINOR,1
MINUTOLI,2
MISCH,1
MITCHELL,77
MITRANI,1
MIXON,1
MIZE,2
MIZELL,7
MOFFETT,4
MOLNAR,2
MOLPUS,4
MONAGHAN,1
MONALDI,2
MONCCRIEF,1
MONCRIEF,3
MONDRAGON-WRIGHT,1
MONFORT,1
MONROE,4
MONTANA,1
MONTANYE,2
MONTEITH,1
MONTGOMERY,11
MONTREUIL,1
MOODY,1
MOON,2
MOORE,92
MOORHEAD,1
MOREHEAD,4
MOREY,2
MORGAN,36
MORRELL,3
MORRILL,4
MORRIN,1
MORRIS,14
MORRISON,11
MORROW,62
MORSE,8
MOSES,4
MOSLEY,2
MOSS,23
MOTLEY,1
MOTTE,3
MOTYL,1
MOYA,4
MOYE,2
MOYER,1
MUELLER,2
MULLIN,1
MULLINAX,2
MULLIS,3
MUMMERT,3
MUNCY,2
MUNDY,5
MURDOCK,6
MURI,2
MURPHEY,4
MURPHY,182
MURR,3
MURRAY,14
MUSIC,3
MUSICK,10
MUTEL,2
MYERS,10
NAGGE,2
NAGLE,4
NAILOR,4
NANNEY,11
NAOMI,1
NAPIER,1
NASH,13
NASON,7
NEAL,13
NEIGHBORS,4
NEIL,6
NEILL,21
NEILSON,1
NELSON,21
NERO,1
NES,2
NESBITT,2
NESMITH,1
NESS,5
NETHERTON,1
NETTER,2
NETTLES,2
NEUBERG,4
NEUMANN,1
NEVEU,2
NEWBERRY,8
NEWBURY,2
NEWCOMER,2
NEWELL,2
NEWMAN,8
NEWSON,3
NEWTON,7
NICE-WEBB,1
NICHOLIE,2
NICHOLS,3
NICHOLSON,12
NICHOLSON-CHRISTEN,2
NICKLAW,4
NICKLOW,2
NICKS,4
NICOLAI,1
NIEDERMEIER,2
NIEHAUS,4
NIELSEN,3
NIXON,4
NOAH,1
NOBLE,5
NOBLITT,6
NODURFT,1
NOE,1
NOGEL,2
NOLIN,2
NOLL,2
NORMAN,6
NORRIS,26
NORTH,1
NORTHINGTON,4
NORTON,38
NORTON-ROBBINS,1
NORTON FOX,1
NORVELL,4
NORWOOD,1
NUGENT,2
NUNES,6
NUNEZ,2
NUNLEY,3
NWAOZOMUDOH-ANAZIA,2
NYE,2
NYEGARD,1
O'DELL,4
O'HAGAN,1
O'HARA,2
O'ROURKE,2
O'SHIELDS,2
O'SULLIVAN,1
O'TOOLE,2
O DONNELL,2
O HAGEN,1
OAKES,1
OAKLEY,2
OATES,2
OBRIEN,1
OCONNOE,1
ODELL-TESTER,1
ODOM,2
ODONNELL,1
OEHLKE,1
OESCH,4
OETTING,5
OGLE,41
OHLE,2
OHRBERG,1
OHTA,2
OHTA-WEIR,1
OLIPHANT,1
OLIVER,4
OLLIS,16
OLSEN,2
OLSON,4
OLSON GUY,1
OLTMANN,1
OMONDI,2
OMRON,2
ONEY,2
OPPERT,2
OPPLIGER,4
ORMOND,2
OROVITZ,2
ORR,7
ORTAGUS,2
ORTIZ,2
ORTIZ-FABIAN,1
OSADA,4
OSBON,1
OSBORNE,9
OSCARSON,2
OVERDORFF,2
OVERMYER,1
OWEN,4
OWENBY,5
OWENS,18
OWENSBY,9
OYE,2
OZENGHAR,2
PACH,1
PACK,4
PACKETT,1
PAEZ-TOVAR,2
PAGE,4
PAGELS,2
PAIGE,5
PAINTER,2
PALLICK,2
PALM,4
PALMER,8
PALUMBO,2
PANDOLFI,2
PANZARELLA,2
PARCHMAN,2
PARDUE,1
PARK,2
PARKER,84
PARKS,4
PARLIER,7
PARMELEE,6
PARNITZKE,4
PARRINO,2
PARROTT,8
PARRY,1
PARSLEY,9
PARSONS,2
PASS,2
PASSMORE,4
PATE,108
PATON,2
PATRICK,2
PATTERSON,12
PATTON,19
PAUL,6
PAULEY,20
PAULIN,4
PAULSEN,1
PAYNE,9
PEACOCK,2
PEAK,3
PEAKE,2
PEARSON,3
PEAVY,2
PECK,1
PEDROZA,2
PEEK,9
PEELER,4
PELFREY,1
PELLEGROM,1
PELLETT,1
PELTON,4
PEMBROKE,1
PENA,2
PENDLEY,14
PENIX,2
PENLAND,142
PENLAND BANKS,1
PENLEY,8
PENNEL,2
PENNER,9
PEOPLES,1
PEPP,3
PEPPERS,4
PEREZ,2
PEREZ-SCHUPP,1
PERGL,4
PERINI,2
PERKINS,3
PERRIN,8
PERRY,7
PERTEE,4
PERTILLER,4
PERVIS,1
PETERS,6
PETERSON,340
PETERSON BANKS,2
PETITPREN,2
PETRICH,2
PETRIE,5
PETTIGREW,1
PETTIGVEW,1
PETTY,2
PEVERALL,6
PHETTEPLACE,2
PHILIPS,4
PHILLIP,1
PHILLIPS,240
PHIPPS,5
PICARDI,2
PICHARDO,2
PICKERING,1
PIEPENBRINK,1
PIEPER,2
PIERCE,4
PIKE,1
PINDER,2
PINKERTON,2
PINTO,2
PIPER,4
PIPES,4
PIPPINS,4
PISCITELLI,2
PITMAN,28
PITNER,1
PITTMAN,50
PITTS,1
PLEMMONS,1
PLEMONS,5
PLETZ,1
PLUMMER,4
PLUTA,1
PLYLER,2
PODLEWSKI,1
POE,2
POETTER,2
POGALZ,2
POLASKY,1
POLGAR,3
POLING,4
POLK,2
POLKINHORN,2
POLLACK,1
POLTROCK,4
POLZIEN,2
PONDER,47
PONSETTI,2
PONTORNO,2
POOLE,4
POOLE-FRANK,2
POPE,13
POPLIN,3
POPPELIERS,4
PORE,1
PORSHIA,2
PORTER,13
PORTO,4
POSEY,2
POSS,4
POST,3
POSTLETHWAITE,2
POSTON,1
POTEAT,2
POTTS,1
POWELL,25
POWER,3
POWERS,9
POWSER,1
PRATER,1
PRATT,4
PRAYTOR,2
PRED,2
PREGARTNER,2
PREISS,3
PRESCOTT,2
PRESNELL,94
PRESSLEY,7
PRESTON,4
PRICE,9
PRIDE,2
PRIESMEYER,1
PRIEST,2
PRILLHART,1
PRINCE,3
PRISK,1
PRITCHARD,17
PROCTOR,4
PROFFITT,71
PROFITA,2
PRUITT,7
PRYOR,3
PTAK,2
PUEBLA,1
PUFFER,1
PULVER,8
PUNCH,6
PURIFOY,1
PURSER,2
PUSATERI,1
PUTNAM,2
PYLE,2
QUEEN,5
QUESADA,1
QUILLEN,1
QUINLAN,1
QUINN,2
QUINTANA,1
QUINTERO,5
QUINTON,1
QUIRK,4
RABEK,3
RACE,4
RADFORD,6
RADOCHONSKI,1
RAGIN,2
RAGLAND,1
RAHLE,2
RAHN,3
RAICHLE,4
RAINES,4
RAINES-HARDING,1
RAINEY,3
RALEIGH,2
RAMEY,10
RAMIREZ,4
RAMOS,4
RAMOS- S BELAVAL,2
RAMSEY,53
RANDALL,7
RANDLES,2
RANDOLPH,130
RANKIN,4
RANOSTAJ,2
RARDAIN,4
RASH,2
RASKIN,4
RATHBONE,23
RATHBURN,35
RATHS,2
RATLIFF,6
RAUZI,1
RAY,295
RAYE,7
RAYFIELD,2
RAYGOZA,1
RAYMER,2
RAYNSFORD,2
READY,2
REAGAN,2
REAM,2
REATH,5
REATO-STAMEY,2
REBELLO,2
RED LEAF,2
REDDEN,5
REDFERING,2
REDMAN,2
REDMON,1
REECER,10
REED,5
REEP,1
REESE,4
REEVES,13
REHFIELD,2
REID,10
REIF,4
REIN,4
REINHARDT,2
REMOTIGUE,1
REMY,2
RENALDO,2
RENEGAR,3
RENFRO,160
RENFROE,1
RENO,4
REPOLEY,2
RESCIGNO,1
RESTALL,4
REYES,2
REYNOLDS,19
RHEA,1
RHEINBOLT,1
RHIANNON,2
RHINEHART,2
RHODEN,3
RHODES,11
RHUDY,2
RHYNER,1
RICE,17
RICH,7
RICHARD,4
RICHARDS,11
RICHARDSON,21
RICHTER,2
RICKER,2
RICKERT,2
RICKEY,2
RICKMAN,5
RIDDLE,239
RIDGEWAY,2
RIDLEY,1
RIEHM,7
RIESNER,1
RIGGS,1
RILEY,2
RINGLER,5
RINGO,2
RIOLLANO,2
RISER,2
RISLEY,2
RISLEY-EVANS,2
RISS,1
RITCHIE,2
RIVENBARK,1
RIVERS,2
RIZZUTO,1
ROARK,1
ROBBERTS,2
ROBBINS,4
ROBERSON,2
ROBERT,1
ROBERTS,36
ROBERTSON,57
ROBINSON,681
ROBINSON-WATERS,1
ROBISON,6
ROCHA,4
ROCKINGBEAR,2
RODDY,2
RODGERS,2
RODRIGUEZ,6
RODULFO,4
ROE,1
ROEDER,1
ROGERS,30
ROGGE,1
ROHL,4
ROHRBAUGH,1
ROHWEDER,4
ROLAND,25
ROLDAN,1
ROLETT,4
ROLLINS,1
ROMERO,2
RONEMUS,1
ROOT,4
ROPER,7
ROSA,1
ROSALES,1
ROSE,24
ROSENBERGER,2
ROSENTHAL,1
ROSPLOCK,2
ROSS,4
ROSSETER,3
ROSSI,4
ROTE,3
ROTH,7
ROTH-SKINNER,1
ROTHE,1
ROTHE-SKINNER,2
ROTHOUSE,4
ROTZOLL,1
ROUNTREE,8
ROUSH,2
ROUSSEAU,4
ROWE,11
ROWLAN,1
ROWLAND,5
ROY,5
ROYAL,1
ROYEN,4
ROZELLE,4
ROZMUS,4
RUARK,3
RUBIACO,2
RUDASILL,1
RUDICIL,1
RUDOLPH,4
RUDY,2
RUEBELING,4
RUECKER,3
RUEGG,2
RULE,2
RUNYON,3
RUSH,2
RUSSELL,9
RUSSELLO,3
RUSSOM,2
RUTAN,1
RUTH,1
RUTHERFORD,6
RUTKOWSKI,4
RUTKOWSKY,6
RYALL,2
RYAN,15
RYDER,6
RYMER,2
RYON,2
SABATO,4
SABRI,3
SAIN,2
SALLEY,2
SAMEL,2
SAMPSON,6
SAMS,6
SAMUEL,2
SANCHEZ,5
SANCHEZ-VICENTE,2
SANCHEZ FABIAN,1
SANCHEZ LOPEZ,2
SAND,4
SANDERS,2
SANDLIN,2
SANDS,4
SANFORD,1
SANTORO,1
SANTOYO,2
SAPP,4
SASEK,2
SASSER,3
SAULS,1
SAULSBURY,1
SAUNDERS,2
SAVAGE,7
SAVARD,4
SAXTON,1
SAYLES,3
SCARBOROUGH,4
SCARBROUGH,3
SCARIOT,1
SCARR,2
SCHANDER,1
SCHANEBERGER,2
SCHARF,4
SCHAROLD,6
SCHEAFFER,1
SCHECKEL,2
SCHEFFLER,2
SCHELL,1
SCHESTAG,4
SCHIESSLE,2
SCHIFFHAUER,1
SCHILLER,2
SCHILLING,1
SCHLAGER,2
SCHMIDT,2
SCHMIEDEL,1
SCHMITT,2
SCHNEIDER,5
SCHOEN,4
SCHOESSOW,2
SCHOOF,1
SCHORTINGHOUSE,5
SCHRECK,1
SCHREIBER,1
SCHUCHARDT,2
SCHUCHART,2
SCHULCZ,4
SCHULER,2
SCHULTZ,7
SCHULTZ-DAVIS,2
SCHULZ,2
SCHULZE,1
SCHUMACHER,1
SCHWARTZ,3
SCHWOCK,9
SCOGGINS,1
SCOTT,55
SCRIBNER,1
SCRUGGS,4
SEABERG,2
SEAL,1
SEALS,1
SEALY,4
SEASE,2
SEATON,8
SEBASTIAN,4
SEDBERRY,6
SEE,2
SEELBACH,3
SEIBERT,1
SEIGEL,1
SEIPEL,1
SELF,5
SELLERS,6
SELTZER,4
SEMON,6
SENECHAL,2
SENJAN,4
SENNET,1
SENSENEY,6
SERAFINI,2
SERAN,3
SETZER,1
SEXTON,2
SFERLAZZA,1
SHACKELFORD,4
SHADE,20
SHAH,2
SHANNON,2
SHARKEY,2
SHARON,1
SHARP,2
SHARPE,10
SHAUGER,2
SHAW,16
SHAWA,1
SHEA,1
SHEAN,1
SHEEHAN,6
SHEEHAN-MOORE,1
SHEELE,2
SHEEN,4
SHEHAN,26
SHELBURNE,1
SHELDON,8
SHELL,6
SHELLOOE,2
SHELTON,38
SHEPARD,9
SHEPERD,7
SHEPHERD,94
SHEPPARD,1
SHERMAN,6
SHERRILL,2
SHERRY,4
SHIELDS,4
SHILLING,2
SHINGLETON,2
SHIPLEY,3
SHIPMAN,3
SHIPP,2
SHIRLEY,1
SHIVERS,4
SHOCK,2
SHOCKEY,4
SHOE,2
SHOOK,10
SHOUSE,2
SHOWALTER,1
SHRADER,4
SHRINER,1
SHUFORD,74
SHULER,5
SHULTZ,2
SHUMAKER,4
SHURCLIFF,2
SHURLEY,2
SHURTLEFF,2
SIAS,2
SIDERS,1
SIEFERT,5
SIERK,2
SIGMON,7
SIKORSKY-TODD,2
SILER,2
SILVER,166
SILVERMAN,2
SILVERS,324
SIMES,3
SIMMONS,71
SIMON,2
SIMONETTI,2
SIMONS,3
SIMPSON,13
SIMPSON-JONES,1
SIMS,7
SINCLAIR,7
SINCOSKIE,1
SINEATH,3
SINGLETON,10
SINK,12
SIOUI,2
SIPP,1
SISK,2
SITNICK,2
SKAGGS,3
SKELLEY-WATTS,2
SKENANDORE,4
SKIFF,2
SKILLIN,1
SKIMMIEHORN,6
SKINNER,8
SKLAR,4
SLAGLE,10
SLATER,8
SLATTERY,3
SLAYDON,1
SLICER,1
SLOAN,2
SLUDER,1
SMAJSTRLA,4
SMITH,244
SMOAK,7
SMOKER,2
SMOLAK,2
SNAVELY,1
SNELLER,5
SNIPES,2
SNOWDEN,3
SNYDER,13
SOL,2
SOLAR,1
SOLEM,2
SOLER,6
SOLESBY,4
SOLOMON,2
SOMERS,2
SOMERSET,7
SONDEREGGER,1
SONIER,4
SOREL,2
SOSTACK,1
SOUTH,6
SOUTHER,18
SOUTHERTON,2
SOWA,3
SOWERS,1
SPACE,1
SPARGO,2
SPARKMAN,2
SPARKS,74
SPARKS WHITSON,1
SPARLIN,4
SPARR,2
SPAULDING,2
SPECKMANN,2
SPEED,2
SPEIGHTS,2
SPELL,1
SPENCER,4
SPICER,1
SPICZYNSKI,2
SPIRAKIS,4
SPITZER,1
SPIVEY,3
SPLAIN,1
SPONSLER,2
SPRANK,6
SPRENGLMEYER,1
SPRINGER,1
SPROUSE,8
SQUIRES,2
SRIVASTAVA,2
ST PIERRE,1
ST YVES,2
STAAB,9
STABB,2
STACY,1
STAFFORD,24
STALEY,3
STALLINGS,7
STALNAKER,3
STAMEY,14
STAMPER,3
STANFILL,6
STANKUS,1
STANLEY,8
STANSBERRY,21
STANTON,1
STANTON-GULLAK,1
STAPLETON,1
STARK,5
STARKE,1
STARNES,1
STARR,4
STATON,4
STAUDER,1
STEBBEDS,4
STEBBINS,2
STEDILLIE,3
STEDMAN,2
STEELE,2
STEEVER,2
STEFANICK,6
STEIGERWALD,2
STEINBERGER,1
STEINEL,1
STEINER,1
STELLA,4
STENSON,4
STEPHENS,7
STERLING,2
STETSON,4
STETZLER,4
STEUER,7
STEVENS,31
STEVENSON,16
STEWARD,4
STEWART,27
STIEFVATER,4
STILES,26
STILL,2
STILLE,3
STILLS,1
STILLWELL,6
STINSON,13
STIPEK,2
STITH,4
STOCKWELL,6
STOKES,1
STONE,12
STONER,3
STONEY,1
STORIE,6
STORMS,4
STORRS,6
STOVER,4
STOWE,1
STPIERRE,1
STRAND,4
STRAUSS,1
STREET,30
STREICHLER,2
STRICKLAND,17
STRICKLIN,2
STRILAEFF,1
STROBEL,2
STROUD,4
STROUD-LUSK,1
STROUP,1
STROUPE,4
STUETZEL,1
STULTZ,1
STUMBAUGH,2
STUMP,23
STURGILL,2
STYLES,108
STYLES-BOONE,1
SUGGS,1
SUGIOKA,2
SULLINS,8
SULLIVAN,8
SUMMERLIN,15
SUNDSTROM ALLEN,2
SURBER,6
SURFACE,2
SURRATT,1
SURRETT,6
SUSA,1
SUTHERLAND,6
SUTTERBY,2
SUTTLES,3
SUTTON,20
SWAIM,4
SWAIN,2
SWALINSKI,2
SWANCEY,2
SWANEY,4
SWANN,33
SWANSON,4
SWARTZ,6
SWAYNGIM,4
SWEAT,3
SWEENEY,2
SWICK,2
SWINK,2
SWINNEY,1
SWORD,2
SWORM,1
SYKES,3
SZYMELEWICZ,4
TABOR,16
TALLENT,7
TALLEY,4
TAN,1
TAPIA,1
TARBUSH,4
TARLTON,1
TASIN,1
TATA,2
TATE,4
TAUJENIS,1
TAYLOR,80
TEAGUE,12
TEAL,6
TEETS,1
TEMPLE,4
TERRELL,5
TERRY,5
TESTER,3
THACKER,19
THARP,1
THATCHER,1
THEISORIDES,1
THEODORDES-GRINESTAF,1
THEODORIDES,9
THERIAC,2
THERRIEN,1
THIELE,1
THIELEMANN,1
THIELEN,2
THISSE,2
THOMAS,305
THOMASON,57
THOME,1
THOMPSON,56
THOMPSON-FERREIRA,1
THOMSEN,4
THORNBURY,4
THORNETT,3
THORNTON,3
THORNTON-HAMILTON,1
THORPE,3
THRONEBURG,1
THURSTON,3
TIBBETTS,2
TIBBITS,7
TIDWELL,4
TIGHE,2
TILLEY,2
TILLOTSON,2
TILSON,3
TIMBERLAKE,1
TINGLEY,2
TINNEY,2
TIPTON,246
TIPTON-FOX,2
TIRRILL,2
TODD,14
TOIA,1
TOLAR,2
TOLBERT,4
TOLLEY,5
TOMANY,2
TOMBERLIN,27
TOMCHO,4
TOMERLIN,1
TOMPKINS,2
TOOMEY,4
TORBETT,1
TORO,4
TORRES,2
TOWE,17
TOWERY,4
TOWN,2
TOWNSEND,8
TOWNSEND-SOMERS,2
TRACY,6
TRAN,1
TRANTHAM,2
TRAUT,2
TRAVIS,3
TRAVISANO,2
TRCKA,5
TREADWAY,6
TREJO,2
TRENT,5
TRESCOTT,10
TREXLER,8
TRIMBLE,8
TRIMM-AUTREY,1
TRITTIN,2
TROBAUGH,4
TROESTER,1
TROMBLY,1
TROOP,2
TROUP,1
TROUT,2
TROUTMAN,11
TROUTT,1
TROWELL,2
TROXELL,11
TRUESDELL,2
TRUETT,5
TRUXALL,1
TSCHUDY,11
TUCKER,2
TUELL,1
TUMMEL,2
TUNKS,6
TURBYFILL,3
TURCZYN,4
TURNER,23
TURPIN,2
TURROU,2
TUTTLE,4
TWEED,4
TWIDDY,3
TWIGG,2
TY,1
TYBURSKI,1
TYGER,2
TYNER,14
TYSON,1
ULSH,2
UMSTEAD,4
UNCAPHER,1
UNGER,1
UPCHURCH,3
UPTON,9
URBAN,1
URBANI,2
VAIL,1
VALENTE,1
VALENTINE,1
VALLS,4
VAN BUSKIRK,2
VANCE,16
VANDERPOOL,1
VANHOOK,1
VANHOUTEN,2
VANMETER,2
VANOOTEGHEM,2
VARNEY,2
VAUGHAN,1
VAUGHN,1
VAUX,1
VAZQUEZ,1
VEAL,4
VELAZQUEZ,1
VENTURA,1
VERHULST,2
VERIDAL,2
VERNON,1
VERRAN,7
VESS,13
VESTAL,2
VETETO,3
VICHA,4
VICKERMAN,3
VICKERS,15
VILLOCH,3
VINCENZ,2
VINSON,9
VISCONTI,1
VOLAND,1
VOLPE,2
VON HENDY,2
VOSKA,4
WACHTER,2
WADSWORTH,1
WAGNER,6
WAHLERS,4
WAID,2
WAIT,2
WALDEN,1
WALDREP,2
WALDROP,10
WALDROUP,2
WALDRUP,6
WALES,1
WALKER,40
WALKINGSTICK,1
WALL,4
WALLACE,35
WALLER,1
WALLIN,3
WALSH,8
WALTER,2
WALTERS,14
WALTHER,1
WAMPLER,4
WAMSLEY,1
WANEZEK,4
WANTLAND,1
WANTZ,1
WARD,21
WARDEN,2
WARDLAW,2
WARLICK,1
WARNER,3
WARREN,22
WARRICK,1
WARRINER,3
WARZECHA,4
WASHBURN,2
WASHKO,1
WATERMAN,5
WATERS,4
WATKINS,11
WATKINS BROWN,2
WATROUS,10
WATSON,17
WATTS,32
WAYCASTER,3
WAYNE,2
WEATHERELL,2
WEATHERMAN,22
WEAVER,5
WEBB,81
WEBBER,3
WEBER,5
WEBSTER,4
WEDDINGTON,2
WEEKS,11
WEGELIN,1
WEIDMAN,4
WEIDO,4
WEIMER,4
WEINMEISTER,4
WEIR,8
WEISFELD,2
WEISGERBER,2
WEISMAN,1
WELLER,7
WELLS,7
WELSH,1
WELTER,2
WELTON,1
WEMPLE,2
WERNER,1
WESSEL,6
WEST,11
WESTALL,63
WESTBROOK,8
WETH,2
WETHINGTON,4
WEXLER,2
WEYHMILLER,1
WHALEN,1
WHEELER,91
WHEELER-DAWLEY,2
WHELAN,2
WHETSTINE,6
WHISTON,1
WHITAKER,5
WHITE,25
WHITEHEAD,21
WHITEHOUSE,4
WHITEHURST,4
WHITESIDE,9
WHITFIELD,2
WHITING,2
WHITINGTON,2
WHITLEY,6
WHITSON,247
WHITT,21
WHITTAKER,1
WHITTINGTON,4
WHITTLESEY,2
WHORTEN,3
WIDAWSKI,5
WIDENER,1
WIDMANN,1
WIEBE,2
WIEDENHAUPT,8
WIEHRS,2
WIGGINS,6
WIGHTMAN,2
WIKER,2
WILBANKS,1
WILBER,4
WILBURN,5
WILCOX,3
WILD,2
WILDE,1
WILDS,5
WILES,1
WILEY,4
WILHELM,3
WILKERSON,1
WILKES,2
WILKINSON,7
WILL,2
WILLARD,2
WILLETT,5
WILLIAMS,151
WILLIAMS BEAVER,1
WILLIAMSON,12
WILLIG,5
WILLIS,67
WILLOUGHBY,1
WILMER,4
WILMOTH,2
WILSON,595
WIMBERLY,4
WINANS,2
WINCHELL,2
WINDERS,2
WINEBARGER,7
WINEBERG,4
WINFREE,2
WING,1
WINGLER,1
WINKLER,3
WINSOR,2
WINTER,1
WINTERS,22
WISCH,4
WISE,16
WISEMAN,11
WITHERINGTON,2
WITHERS,3
WITHERSPOON,7
WITT,4
WITTEN,2
WITTERS,2
WITWER,1
WOJTAS,1
WOLD,4
WOLF,3
WOLFE,4
WOLFF,4
WOLFORD,4
WOMACK,9
WOMBLE,2
WONG,2
WOOCK,4
WOOD,38
WOODARD,15
WOODBY,89
WOODDY,4
WOODIE,2
WOODS,5
WOODWARD,6
WOODY,204
WOOLBRIGHT,1
WOOLF,4
WOOTEN,3
WORDEN,5
WORKMAN,7
WORLEY,8
WORSHAM,5
WRIGHT,65
WULFF,2
WYANDT,5
WYANT,5
WYATT,73
WYKLE,4
WYMAN,2
WYNN,7
WYRICK,1
XU,2
YACCARINO,2
YAFFE,4
YANG,6
YARBORO,1
YARBOROUGH,7
YARBROUGH,5
YATES,2
YEATER,4
YELTON,31
YINGLING,1
YINHAR,1
YLINEN,2
YON,1
YONKER,1
YONTS,3
YORK,10
YOUNG,255
YUE,2
YUZIUK,2
ZAGARA,1
ZANETTI,1
ZEBROWSKI,7
ZECH,1
ZEILLER,1
ZEISS,2
ZELASKO,2
ZELBACHER,1
ZELLMER,2
ZERN,4
ZIDAN,2
ZIEGELMEIER,11
ZIEMBA,4
ZIETLOW,5
ZILLWEGER,2
ZIMMER,2
ZIMMERMAN,2
ZIOR,1
ZITNEY,6
ZOLTON,1
ZUKAITIS,1
ZULICK,2
ZULLINGER,1
ZURBRICK,4
ZYNDA,1
